coin_id,name,symbol,current_price,market_cap,total_volume,circulating_supply,total_supply,last_updated
bitcoin,Bitcoin,btc,117003.0,2328576948891.0,32089045993.0,19903990.0,19903990.0,2025-08-09 13:31:23.081000+00:00
ethereum,Ethereum,eth,4188.61,505422482528.0,43778637883.0,120709102.4601263,120709102.4601263,2025-08-09 13:31:22.818000+00:00
ripple,XRP,xrp,3.3,195657175448.0,6182612636.0,59308385925.0,99985880506.0,2025-08-09 13:31:22.880000+00:00
tether,Tether,usdt,0.999999,164488908441.0,84712999676.0,164487416983.759,164487416983.759,2025-08-09 13:31:22.843000+00:00
binancecoin,BNB,bnb,811.81,113092676977.0,1329438415.0,139288026.22,139288026.22,2025-08-09 13:31:22.528000+00:00
solana,Solana,sol,181.09,97675741267.0,5943815261.0,539254061.2588565,607044262.5768447,2025-08-09 13:31:29.162000+00:00
usd-coin,USDC,usdc,0.999816,65289146610.0,11333306639.0,65301180229.31698,65318942653.31035,2025-08-09 13:31:22.819000+00:00
staked-ether,Lido Staked Ether,steth,4184.2,37157213163.0,174454637.0,8877698.368240852,8875108.961983945,2025-08-09 13:31:22.099000+00:00
dogecoin,Dogecoin,doge,0.240765,36270684087.0,2712845229.0,150419716383.7052,150446496383.7052,2025-08-09 13:31:22.501000+00:00
tron,TRON,trx,0.336086,31830703398.0,632037078.0,94698350598.60406,94698309409.93428,2025-08-09 13:31:22.533000+00:00
cardano,Cardano,ada,0.810582,29342462485.0,829603502.0,36187150377.9206,45000000000.0,2025-08-09 13:31:22.665000+00:00
wrapped-steth,Wrapped stETH,wsteth,5066.62,16303308184.0,139311919.0,3217661.945508396,3212685.595651483,2025-08-09 13:31:22.245000+00:00
wrapped-bitcoin,Wrapped Bitcoin,wbtc,116875.0,14825760492.0,188406460.0,126850.89872278,126850.89872278,2025-08-09 13:31:22.498000+00:00
hyperliquid,Hyperliquid,hype,43.81,14572839526.0,234121131.0,333772999.4341414,999835210.4341414,2025-08-09 13:31:22.212000+00:00
chainlink,Chainlink,link,21.11,14321936951.0,1436993887.0,678099970.4527868,1000000000.0,2025-08-09 13:31:22.653000+00:00
stellar,Stellar,xlm,0.452817,14160604596.0,463758672.0,31282849058.38316,50001786892.81653,2025-08-09 13:31:22.393000+00:00
sui,Sui,sui,3.95,13882510910.0,1356572915.0,3511924479.569998,10000000000.0,2025-08-09 13:31:22.507000+00:00
wrapped-beacon-eth,Wrapped Beacon ETH,wbeth,4494.56,13322570722.0,68743725.0,2964153.740970993,2964153.740970993,2025-08-09 13:31:22.079000+00:00
wrapped-eeth,Wrapped eETH,weeth,4494.34,11701001792.0,82743881.0,2603200.115692029,2603210.874621823,2025-08-09 13:31:22.248000+00:00
bitcoin-cash,Bitcoin Cash,bch,575.19,11452063394.0,211658006.0,19909046.77165078,19909046.77165078,2025-08-09 13:31:22.384000+00:00
hedera-hashgraph,Hedera,hbar,0.2665,11299504334.0,353592637.0,42392675915.7947,50000000000.0,2025-08-09 13:31:22.313000+00:00
avalanche-2,Avalanche,avax,24.59,10382384288.0,603654942.0,422276596.0335201,458078999.632708,2025-08-09 13:31:22.693000+00:00
ethena-usde,Ethena USDe,usde,1.001,10016616676.0,356264842.0,10009290855.71357,10009290855.71357,2025-08-09 13:31:22.258000+00:00
weth,WETH,weth,4191.33,9895247508.0,1257633728.0,2359620.1033537,2375525.251498842,2025-08-09 13:31:22.758000+00:00
litecoin,Litecoin,ltc,123.3,9388602839.0,803366893.0,76165464.48347135,76167595.73347135,2025-08-09 13:31:22.581000+00:00
the-open-network,Toncoin,ton,3.4,8731026741.0,250904176.0,2565895045.462802,5137418633.83852,2025-08-09 13:31:22.673000+00:00
leo-token,LEO Token,leo,8.99,8292225095.0,2756554.0,923042099.9,985239504.0,2025-08-09 13:31:22.112000+00:00
shiba-inu,Shiba Inu,shib,1.386e-05,8165254887.0,228060283.0,589246125943578.1,589500982240639.8,2025-08-09 13:31:22.438000+00:00
usds,USDS,usds,0.999339,8015033438.0,16205170.0,8020690464.384154,8047551668.791698,2025-08-09 13:31:22.249000+00:00
binance-bridged-usdt-bnb-smart-chain,Binance Bridged USDT (BNB Smart Chain),bsc-usd,0.999214,6783287256.0,2316345319.0,6784993599.453935,6784993599.453935,2025-08-09 13:31:22.810000+00:00
uniswap,Uniswap,uni,10.9,6547858178.0,624852972.0,600483073.71,1000000000.0,2025-08-09 13:31:22.685000+00:00
whitebit,WhiteBIT Coin,wbt,44.51,6414873107.0,38095239.0,144118517.10815412,322977662.0,2025-08-09 13:31:22.321000+00:00
polkadot,Polkadot,dot,4.12,6266834169.0,288835006.0,1522267060.0,1522267060.0,2025-08-09 13:31:22.464000+00:00
coinbase-wrapped-btc,Coinbase Wrapped BTC,cbbtc,117041.0,6230557981.0,437009845.0,53234.1124635,53234.1124635,2025-08-09 13:31:23.089000+00:00
pepe,Pepe,pepe,1.25e-05,5259599385.0,1072732742.0,420690000000000.0,420690000000000.0,2025-08-09 13:31:22.501000+00:00
crypto-com-chain,Cronos,cro,0.159809,5173771837.0,59986485.0,32374738271.20418,97908068967.48367,2025-08-09 13:31:22.315000+00:00
bitget-token,Bitget Token,bgb,4.52,5152205558.0,113299754.0,1139992035.9787908,1139992035.9787908,2025-08-09 13:31:22.104000+00:00
ethena-staked-usde,Ethena Staked USDe,susde,1.19,5119483100.0,122583236.0,4306339036.99981,4306339036.99981,2025-08-09 13:31:22.083000+00:00
monero,Monero,xmr,274.55,5064617941.0,118954315.0,18446744.07370955,18446744.07370955,2025-08-09 13:31:22.299000+00:00
ethena,Ethena,ena,0.734639,4886543754.0,1356197826.0,6621875000.0,15000000000.0,2025-08-09 13:31:23.023000+00:00
aave,Aave,aave,301.47,4586678841.0,504689434.0,15210954.589253185,16000000.0,2025-08-09 13:31:31.613000+00:00
dai,Dai,dai,1.0,3799353482.0,124729098.0,3798307543.586727,3798307543.586727,2025-08-09 13:31:23.401000+00:00
bittensor,Bittensor,tao,387.46,3719240353.0,116502552.0,9597491.0,21000000.0,2025-08-09 13:31:22.298000+00:00
mantle,Mantle,mnt,1.062,3578097951.0,276663630.0,3365794382.836841,6219316794.99,2025-08-09 13:31:22.199000+00:00
ethereum-classic,Ethereum Classic,etc,23.28,3564290061.0,261973883.0,153044032.9999364,153044608.5519364,2025-08-09 13:31:22.320000+00:00
near,NEAR Protocol,near,2.81,3484184883.0,195467869.0,1241850536.0,1264735811.0,2025-08-09 13:31:22.602000+00:00
ondo-finance,Ondo,ondo,1.049,3314559847.0,153099122.0,3159107529.0,10000000000.0,2025-08-09 13:31:22.768000+00:00
aptos,Aptos,apt,4.83,3247503313.0,585736059.0,672443022.6270826,1169220187.618844,2025-08-09 13:31:23.044000+00:00
pi-network,Pi Network,pi,0.41484,3238198465.0,203994689.0,7810876757.452219,12017073438.76047,2025-08-09 13:31:22.449000+00:00
internet-computer,Internet Computer,icp,5.67,3041994411.0,78447175.0,536288352.182879,536288352.182879,2025-08-09 13:31:22.836000+00:00
okb,OKB,okb,46.93,2815650366.0,8244368.0,60000000.0,235957685.3,2025-08-09 13:31:22.371000+00:00
jito-staked-sol,Jito Staked SOL,jitosol,221.41,2743469378.0,35962494.0,12392579.12565562,12392579.12565562,2025-08-09 13:31:22.820000+00:00
kaspa,Kaspa,kas,0.096266,2538111260.0,66418335.0,26363807936.34678,26555117525.75426,2025-08-09 13:31:22.710000+00:00
binance-peg-weth,Binance-Peg WETH,weth,4185.99,2532526980.0,77571312.0,604999.999959841,604999.999959841,2025-08-09 13:31:22.476000+00:00
pudgy-penguins,Pudgy Penguins,pengu,0.03819263,2405694583.0,510835467.0,62860396090.0,79302103362.48099,2025-08-09 13:31:22.484000+00:00
algorand,Algorand,algo,0.27529,2396066209.0,132570397.0,8702426303.427576,8702456090.304327,2025-08-09 13:31:22.827000+00:00
arbitrum,Arbitrum,arb,0.460604,2372543676.0,321866276.0,5150239630.0,10000000000.0,2025-08-09 13:31:23.410000+00:00
blackrock-usd-institutional-digital-liquidity-fund,BlackRock USD Institutional Digital Liquidity Fund,buidl,1.0,2286838491.0,0.0,2286838491.393854,2286838491.393854,2025-08-09 13:20:11.264000+00:00
polygon-ecosystem-token,POL (ex-MATIC),pol,0.247896,2244565627.0,137797153.0,9048360271.174566,10481543944.63688,2025-08-09 13:31:22.910000+00:00
cosmos,Cosmos Hub,atom,4.76,2204061975.0,125252170.0,462768508.022112,462768508.022112,2025-08-09 13:31:22.606000+00:00
usd1-wlfi,USD1,usd1,1.0,2203219162.0,525045124.0,2204288423.434669,2204288423.434669,2025-08-09 13:31:22.613000+00:00
vechain,VeChain,vet,0.02518751,2166551992.0,42418497.0,85985041177.0,85985041177.0,2025-08-09 13:31:22.741000+00:00
bonk,Bonk,bonk,2.771e-05,2146273155.0,517738821.0,77419592329436.58,87995369403499.94,2025-08-09 13:31:22.836000+00:00
render-token,Render,render,4.0,2070843197.0,80006915.0,518128769.0562826,532888942.3362826,2025-08-09 13:31:22.613000+00:00
gatechain-token,Gate,gt,17.11,2044181658.0,15810520.0,119444887.81900902,300000000.0,2025-08-09 13:31:22.839000+00:00
worldcoin-wld,Worldcoin,wld,1.084,2009517369.0,192385224.0,1854683759.119906,10000000000.0,2025-08-09 13:31:22.939000+00:00
fasttoken,Fasttoken,ftn,4.57,1972334950.0,59247455.0,431383145.0,870742437.0,2025-08-09 13:31:22.645000+00:00
rocket-pool-eth,Rocket Pool ETH,reth,4767.67,1969798068.0,20908833.0,413157.6886654532,413155.6206276321,2025-08-09 13:31:22.624000+00:00
sei-network,Sei,sei,0.333994,1931823705.0,177859628.0,5781805555.0,10000000000.0,2025-08-09 13:31:23.038000+00:00
story-2,Story,ip,6.5,1926780431.0,85571825.0,295746040.87,1010986009.17,2025-08-09 13:31:22.422000+00:00
official-trump,Official Trump,trump,9.62,1921794418.0,335718229.0,199999973.092266,1000000000.0,2025-08-09 13:31:22.804000+00:00
susds,sUSDS,susds,1.062,1912965966.0,27748885.0,1800811125.203214,1805005264.069278,2025-08-09 13:31:23.294000+00:00
kelp-dao-restaked-eth,Kelp DAO Restaked ETH,rseth,4393.16,1873058185.0,1984272.0,426344.3772391387,426344.3772391387,2025-08-09 13:31:28.043000+00:00
binance-staked-sol,Binance Staked SOL,bnsol,193.2,1867614780.0,3399143.0,9666875.75084196,9666875.75084196,2025-08-09 13:31:22.982000+00:00
fetch-ai,Artificial Superintelligence Alliance,fet,0.716366,1866104528.0,82303190.0,2604959126.672,2714493896.672,2025-08-09 13:31:23.038000+00:00
sky,Sky,sky,0.086521,1837628632.0,2635429.0,21238952457.67476,23462665147.36596,2025-08-09 13:31:22.481000+00:00
jupiter-perpetuals-liquidity-provider-token,Jupiter Perpetuals Liquidity Provider Token,jlp,5.14,1805454847.0,53075673.0,350914315.763511,350914315.763511,2025-08-09 13:31:22.651000+00:00
filecoin,Filecoin,fil,2.63,1795344608.0,189622603.0,683725608.0,1959162897.0,2025-08-09 13:31:22.858000+00:00
spx6900,SPX6900,spx,1.9,1771376840.0,79467144.0,930993086.0063922,930993086.0063922,2025-08-09 13:31:22.566000+00:00
quant-network,Quant,qnt,116.01,1687331191.0,18459450.0,14544176.164091088,14612493.0,2025-08-09 13:31:23.223000+00:00
flare-networks,Flare,flr,0.02329187,1666387671.0,13329942.0,71585940488.59409,103758452930.0527,2025-08-09 13:31:22.618000+00:00
jupiter-exchange-solana,Jupiter,jup,0.528566,1616866222.0,64778556.0,3058272222.2,6999203380.737848,2025-08-09 13:31:23.137000+00:00
lombard-staked-btc,Lombard Staked BTC,lbtc,116722.0,1591558207.0,9376084.0,13635.22991187004,13635.22991187004,2025-08-09 13:31:22.459000+00:00
stakewise-v3-oseth,StakeWise Staked ETH,oseth,4408.68,1582326176.0,44083.0,358880.6839472,358880.6839472,2025-08-09 13:31:22.885000+00:00
mantle-staked-ether,Mantle Staked Ether,meth,4473.68,1514744886.0,8008431.0,338909.1254255448,338909.1254255448,2025-08-09 13:31:22.575000+00:00
liquid-staked-ethereum,Liquid Staked ETH,lseth,4496.56,1514387592.0,1076838.0,337058.2158296865,337058.2158296865,2025-08-09 13:31:22.466000+00:00
xdce-crowd-sale,XDC Network,xdc,0.093025,1509927418.0,40621714.0,16231200081.25,38011388788.2,2025-08-09 13:31:22.428000+00:00
usdtb,USDtb,usdtb,1.0,1459497481.0,6611708.0,1459720534.111978,1459720534.111978,2025-08-09 13:31:22.507000+00:00
kucoin-shares,KuCoin,kcs,11.36,1447563989.0,3486263.0,127421933.7355671,142421933.7355671,2025-08-09 13:31:22.521000+00:00
hash-2,Provenance Blockchain,hash,0.03009891,1437698983.0,1620.57,47788978384.0,100000000000.0,2025-08-09 13:31:22.292000+00:00
injective-protocol,Injective,inj,14.61,1427264800.0,119821008.0,97727220.33,100000000.0,2025-08-09 13:31:22.985000+00:00
optimism,Optimism,op,0.789669,1383270232.0,289515282.0,1752186819.0,4294967296.0,2025-08-09 13:31:23.127000+00:00
curve-dao-token,Curve DAO,crv,0.993478,1375538783.0,338263420.0,1384569376.0,2292701097.023384,2025-08-09 13:31:23.485000+00:00
usdt0,USDT0,usdt0,0.999792,1363264328.0,242826441.0,1362655291.828991,186073891373.3219,2025-08-09 13:31:23.198000+00:00
celestia,Celestia,tia,1.84,1360121746.0,107625351.0,739496885.067699,1139728977.095488,2025-08-09 13:31:23.148000+00:00
renzo-restaked-eth,Renzo Restaked ETH,ezeth,4414.53,1359971304.0,16668137.0,308333.0142918021,308333.0142918021,2025-08-09 13:31:22.491000+00:00
nexo,NEXO,nexo,1.35,1351548237.0,11402883.0,1000000000.0,1000000000.0,2025-08-09 13:31:22.579000+00:00
blockstack,Stacks,stx,0.754317,1351007159.0,42951432.0,1790744686.22436,1790744686.22436,2025-08-09 13:31:22.795000+00:00
first-digital-usd,First Digital USD,fdusd,0.997786,1298189549.0,6722770467.0,1301069929.320649,1301069929.320649,2025-08-09 13:31:22.911000+00:00
falcon-finance,Falcon USD,usdf,0.999748,1271579207.0,10141168.0,1271894321.933619,1272069246.457838,2025-08-09 13:31:22.353000+00:00
tether-gold,Tether Gold,xaut,3383.28,1270893948.0,21969518.0,375572.247,375572.247,2025-08-09 13:31:23.283000+00:00
polygon-bridged-usdt-polygon,Polygon Bridged USDT (Polygon),usdt,0.999928,1226956718.0,30231648.0,1226907306.100323,1226912800.231154,2025-08-09 13:31:22.759000+00:00
pump-fun,Pump.fun,pump,0.00333224,1182095310.0,218932535.0,354000000000.0,999989429610.5905,2025-08-09 13:31:22.692000+00:00
floki,FLOKI,floki,0.00012183,1178186022.0,133739098.0,9661340525912.0,10000000000000.0,2025-08-09 13:31:23.120000+00:00
immutable-x,Immutable,imx,0.582426,1115601819.0,34200806.0,1915420869.3898141,2000000000.0,2025-08-09 13:31:22.633000+00:00
fartcoin,Fartcoin,fartcoin,1.11,1113029708.0,237812707.0,999983216.455206,999983216.455206,2025-08-09 13:31:22.874000+00:00
kinetic-staked-hype,Kinetiq Staked HYPE,khype,43.86,1112751677.0,18556017.0,25368922.64275816,25396716.9224995,2025-08-09 13:31:22.997000+00:00
conflux-token,Conflux,cfx,0.215391,1104061783.0,158940237.0,5124035251.335791,5697002070.323656,2025-08-09 13:31:23.236000+00:00
jupiter-staked-sol,Jupiter Staked SOL,jupsol,204.73,1088190429.0,5797133.0,5312948.149715547,5312959.94544212,2025-08-09 13:31:23.007000+00:00
wbnb,Wrapped BNB,wbnb,811.68,1084651930.0,408898995.0,1336306.273633982,1335958.516506055,2025-08-09 13:31:23.368000+00:00
solv-btc,Solv Protocol BTC,solvbtc,116499.0,1064184548.0,2468878.0,9140.285613253343,9140.285613253343,2025-08-09 13:31:23.136000+00:00
lido-dao,Lido DAO,ldo,1.17,1052024686.0,171406337.0,895888862.5921584,1000000000.0,2025-08-09 13:31:23.306000+00:00
the-graph,The Graph,grt,0.100339,1044684823.0,54664425.0,10422221953.08589,10800262816.04821,2025-08-09 13:31:23.166000+00:00
paypal-usd,PayPal USD,pyusd,1.0,1034651052.0,31405133.0,1034626601.646972,1034626601.646972,2025-08-09 13:31:29.215000+00:00
sonic-3,Sonic,s,0.316059,1018507146.0,177531875.0,3222625000.0,3222625000.0,2025-08-09 13:31:23.068000+00:00
dogwifcoin,dogwifhat,wif,1.015,1014593254.0,287447301.0,998926392.0,998926392.0,2025-08-09 13:31:23.079000+00:00
saros-finance,Saros,saros,0.385729,1012536076.0,10128084.0,2624999826.0,10000000000.0,2025-08-09 13:31:23.116000+00:00
binance-bridged-usdc-bnb-smart-chain,Binance Bridged USDC (BNB Smart Chain),usdc,0.999328,998528964.0,266778859.0,998999979.839804,998999979.839804,2025-08-09 13:31:23.296000+00:00
pancakeswap-token,PancakeSwap,cake,2.89,996652557.0,86056180.0,344688945.8178301,364084938.5019253,2025-08-09 13:31:23.178000+00:00
tezos,Tezos,xtz,0.939557,990504642.0,147033002.0,1054064335.939601,1074129298.132134,2025-08-09 13:31:22.929000+00:00
aerodrome-finance,Aerodrome Finance,aero,1.12,983696286.0,295273504.0,878594484.9204395,1712434979.247157,2025-08-09 13:31:22.801000+00:00
ethereum-name-service,Ethereum Name Service,ens,29.42,975755537.0,113851834.0,33165585.054507963,100000000.0,2025-08-09 13:31:22.681000+00:00
pax-gold,PAX Gold,paxg,3388.19,962871615.0,72020239.0,284182.589,284182.589,2025-08-09 13:31:23.060000+00:00
arbitrum-bridged-wbtc-arbitrum-one,Arbitrum Bridged WBTC (Arbitrum One),wbtc,116861.0,962819391.0,176581639.0,8239.04871362,8239.04871362,2025-08-09 13:31:22.665000+00:00
syrupusdc,SyrupUSDC,syrupusdc,1.12,940064080.0,12524357.0,841586829.475349,843266666.951524,2025-08-09 13:31:23.047000+00:00
super-oeth,Super OETH,superoeth,4189.51,931937744.0,711851.0,222357.3550367267,222369.23048716,2025-08-09 13:31:22.642000+00:00
pendle,Pendle,pendle,5.54,926725302.0,290140997.0,167521638.5850978,281527448.4585314,2025-08-09 13:31:23.096000+00:00
virtual-protocol,Virtuals Protocol,virtual,1.4,920567086.0,150924724.0,655412470.3500574,1000000000.0,2025-08-09 13:31:29.453000+00:00
clbtc,clBTC,clbtc,117383.0,906130167.0,78.19,7723.217000000001,7723.217000000001,2025-08-09 13:31:22.790000+00:00
kaia,Kaia,kaia,0.153562,899344237.0,12703955.0,5856641747.106198,5856641936.044253,2025-08-09 13:31:22.841000+00:00
cgeth-hashkey-cloud,cgETH Hashkey Cloud,cgeth.hashkey,4391.23,877931551.0,87.36,199929.02,199929.02,2025-08-09 13:31:22.478000+00:00
theta-token,Theta Network,theta,0.86596,866315925.0,35748590.0,1000000000.0,1000000000.0,2025-08-09 13:31:23.148000+00:00
vaulta,Vaulta,a,0.543363,860140292.0,43161297.0,1583245307.4644,2100000000.0,2025-08-09 13:31:22.829000+00:00
msol,Marinade Staked SOL,msol,238.37,846359659.0,14952549.0,3550212.0,3550293.0,2025-08-09 13:31:23.572000+00:00
iota,IOTA,iota,0.207799,822954444.0,15233658.0,3953817661.0,4673629908.0,2025-08-09 13:31:23.592000+00:00
raydium,Raydium,ray,3.03,813259088.0,62473699.0,268082943.027629,555000000.0,2025-08-09 13:31:22.855000+00:00
gala,GALA,gala,0.01782913,812697684.0,113863052.0,45582566782.7663,45582566782.7663,2025-08-09 13:31:22.907000+00:00
jasmycoin,JasmyCoin,jasmy,0.01653514,800860646.0,53506212.0,48419999999.3058,50000000000.0,2025-08-09 13:31:23.087000+00:00
ether-fi-staked-eth,ether.fi Staked ETH,eeth,4181.62,777203694.0,107674.0,185861.83395210898,2981883.832487975,2025-08-09 13:31:22.849000+00:00
memecore,MemeCore,m,0.452161,753300964.0,10506982.0,1665907720.859511,5265907720.418787,2025-08-09 13:31:22.504000+00:00
l2-standard-bridged-weth-base,L2 Standard Bridged WETH (Base),weth,4193.39,744898801.0,1006243296.0,177675.8812031669,177675.8812031669,2025-08-09 13:31:23.673000+00:00
pyth-network,Pyth Network,pyth,0.129437,744268706.0,22124230.0,5749985076.174561,10000000000.0,2025-08-09 13:31:23.002000+00:00
the-sandbox,The Sandbox,sand,0.301763,738069034.0,41276858.0,2445857126.2233224,3000000000.0,2025-08-09 13:31:22.668000+00:00
mantle-restaked-eth,Mantle Restaked ETH,cmeth,4469.89,709318217.0,15570678.0,158803.979385891,158803.979385891,2025-08-09 13:31:22.694000+00:00
ousg,OUSG,ousg,112.12,700435160.0,0.0,6247337.977455175,6247337.977455175,2025-08-09 13:30:22.103000+00:00
morpho,Morpho,morpho,2.13,689194252.0,22548569.0,323690523.16982293,1000000000.0,2025-08-09 13:31:22.818000+00:00
jito-governance-token,Jito,jto,1.88,682251262.0,33608436.0,363385203.7,1000000000.0,2025-08-09 13:31:23.467000+00:00
bittorrent,BitTorrent,btt,6.90251e-07,680868909.0,18016537.0,986061142857000.0,990000000000000.0,2025-08-09 13:31:23.251000+00:00
ondo-us-dollar-yield,Ondo US Dollar Yield,usdy,1.083,679603121.0,1621087.0,627771536.2873179,627907107.5346004,2025-08-09 13:31:22.614000+00:00
usdx-money-usdx,Stables Labs USDX,usdx,0.99816,677089862.0,276780.0,678332746.8012002,678332872.4240246,2025-08-09 13:31:23.057000+00:00
tbtc,tBTC,tbtc,116721.0,676940273.0,5744714.0,5784.97379177,5785.00375627,2025-08-09 13:31:23.003000+00:00
stader-ethx,Stader ETHx,ethx,4461.68,653961078.0,134672.0,146519.667527649,146519.7564681617,2025-08-09 13:31:22.650000+00:00
ripple-usd,Ripple USD,rlusd,0.9998,642614887.0,56948108.0,642743403.84,642743403.84,2025-08-09 13:31:22.702000+00:00
zcash,Zcash,zec,39.44,639093106.0,15928761.0,16212417.3530448,16213675.1655448,2025-08-09 13:31:22.791000+00:00
flow,Flow,flow,0.38844,621740518.0,18131291.0,1600822609.071598,1600822609.071598,2025-08-09 13:31:22.929000+00:00
binance-peg-dogecoin,Binance-Peg Dogecoin,doge,0.240439,616454100.0,6666389.0,2564000000.0,2564000000.0,2025-08-09 13:31:23.397000+00:00
based-brett,Brett,brett,0.061379,608950136.0,44396468.0,9909850462.467152,9909850462.467152,2025-08-09 13:31:22.955000+00:00
decentraland,Decentraland,mana,0.313688,602104440.0,34576759.0,1919190207.913888,2193179327.320146,2025-08-09 13:31:22.918000+00:00
coinbase-wrapped-staked-eth,Coinbase Wrapped Staked ETH,cbeth,4618.67,596182457.0,17165139.0,129185.1612500508,373334.0782232124,2025-08-09 13:31:22.792000+00:00
walrus-2,Walrus,wal,0.421831,596078611.0,72130596.0,1413541667.0,5000000000.0,2025-08-09 13:31:22.903000+00:00
arbitrum-bridged-weth-arbitrum-one,Arbitrum Bridged WETH (Arbitrum One),weth,4192.09,594223386.0,655907108.0,141748.7560445192,141748.7560445192,2025-08-09 13:31:23.539000+00:00
newton-project,AB,ab,0.00818064,586309733.0,35861815.0,71699337403.95,98823661261.46,2025-08-09 13:31:23.319000+00:00
mog-coin,Mog Coin,mog,1.49e-06,583566277.0,40987080.0,390567524379062.56,390567524379062.56,2025-08-09 13:31:28.569000+00:00
build-on,BUILDon,b,0.581241,580088932.0,24997166.0,1000000000.0,1000000000.0,2025-08-09 13:31:22.991000+00:00
usual-usd,Usual USD,usd0,0.99782,577563915.0,636158.0,578914085.23,578732510.4443835,2025-08-09 13:31:22.688000+00:00
telcoin,Telcoin,tel,0.00621533,574780440.0,2277804.0,92577234366.71,100000000000.0,2025-08-09 13:31:23.167000+00:00
bitcoin-avalanche-bridged-btc-b,Avalanche Bridged BTC (Avalanche),btc.b,117057.0,574392504.0,63756788.0,4906.86341679,4906.84841679,2025-08-09 13:31:22.867000+00:00
rekt-4,Rekt,rekt,1.36e-06,572000706.0,7736078.0,420690000000000.0,420690000000000.0,2025-08-09 13:31:23.324000+00:00
helium,Helium,hnt,3.05,568197962.0,16073459.0,186072081.7962052,223000000.0,2025-08-09 13:31:27.571000+00:00
keeta,Keeta,kta,1.38,561200932.0,20773560.0,406696034.3892817,1000000000.0,2025-08-09 13:31:23.167000+00:00
syrup,Maple Finance,syrup,0.501959,561107590.0,60244666.0,1117579386.1106412,1200275708.54902,2025-08-09 13:31:23.238000+00:00
sweth,Swell Ethereum,sweth,4593.85,557594758.0,374432.0,121323.095741077,121326.478319651,2025-08-09 13:31:22.973000+00:00
vision-3,Vision,vsn,0.183837,554495213.0,4306154.0,3019567464.6255617,4200000000.0,2025-08-09 13:31:23.035000+00:00
solv-protocol-solvbtc-bbn,Solv Protocol Staked BTC,xsolvbtc,115995.0,548734744.0,475207.0,4730.661834024528,4730.661834024528,2025-08-09 13:31:23.059000+00:00
bitcoin-cash-sv,Bitcoin SV,bsv,27.36,544641010.0,16796216.0,19903531.25,19903771.875,2025-08-09 13:31:27.815000+00:00
coredaoorg,Core,core,0.530281,534455421.0,12681799.0,1007618639.328547,2100000000.0,2025-08-09 13:31:22.928000+00:00
beldex,Beldex,bdx,0.072952,521443934.0,2249578.0,7147783744.419445,9936123682.195484,2025-08-09 13:31:22.948000+00:00
starknet,Starknet,strk,0.13584,521307160.0,32047032.0,3835684730.348971,10000000000.0,2025-08-09 13:31:23.286000+00:00
reserve-rights-token,Reserve Rights,rsr,0.00880762,519768777.0,28414201.0,59043173650.0,100000000000.0,2025-08-09 13:31:23.791000+00:00
apecoin,ApeCoin,ape,0.641958,513063330.0,40278667.0,799455492.0,1000000000.0,2025-08-09 13:31:23.370000+00:00
ether-fi,Ether.fi,ethfi,1.22,512870007.0,147353662.0,421124269.0,1000000000.0,2025-08-09 13:31:23.132000+00:00
arweave,Arweave,ar,7.81,511157168.0,37721549.0,65454185.5381511,65454185.5381511,2025-08-09 13:31:23.340000+00:00
compound-governance-token,Compound,comp,54.26,510202458.0,119962575.0,9396340.884255933,10000000.0,2025-08-09 13:31:24.285000+00:00
usdd,USDD,usdd,0.999701,509390868.0,6741357.0,509535105.0,510222557.0,2025-08-09 13:31:23.363000+00:00
dydx-chain,dYdX,dydx,0.658093,508896847.0,14376354.0,773296062.5150542,958342751.0,2025-08-09 13:31:23.267000+00:00
thorchain,THORChain,rune,1.44,504340604.0,93219292.0,351396270.0,425455681.0,2025-08-09 13:31:23.446000+00:00
chain-2,Onyxcoin,xcn,0.01442036,498070137.0,20809821.0,34539457272.414276,48402432408.48609,2025-08-09 13:31:23.208000+00:00
frax-ether,Frax Ether,frxeth,4172.48,496172155.0,10639261.0,118904.0419431825,118904.0419431825,2025-08-09 13:31:22.999000+00:00
true-usd,TrueUSD,tusd,0.997411,494298184.0,15646619.0,494515083.0,494515083.0,2025-08-09 13:31:23.263000+00:00
polygon-pos-bridged-weth-polygon-pos,Polygon PoS Bridged WETH (Polygon POS),weth,4189.0,484273342.0,25732429.0,115605.8864393339,115728.3589072693,2025-08-09 13:31:23.281000+00:00
dexe,DeXe,dexe,8.27,471985308.0,9187319.0,57103774.56313077,96504599.33609451,2025-08-09 13:31:23.309000+00:00
superfarm,SuperVerse,super,0.766833,471785923.0,21155325.0,614664540.0,1000000000.0,2025-08-09 13:31:23.311000+00:00
zebec-network,Zebec Network,zbcn,0.00546702,471090347.0,25189169.0,86306925195.57034,99998847174.25565,2025-08-09 13:31:23.437000+00:00
apenft,APENFT,nft,4.74749e-07,470085458.0,9627408.0,990105682877398.0,999990000000000.0,2025-08-09 13:31:23.528000+00:00
instadapp,Fluid,fluid,7.02,466759499.0,3373636.0,66475799.17457267,100000000.0,2025-08-09 13:31:23.037000+00:00
neo,NEO,neo,6.61,466139880.0,20984359.0,70530000.0,100000000.0,2025-08-09 13:31:23.337000+00:00
elrond-erd-2,MultiversX,egld,16.12,459723877.0,21840050.0,28516279.0,28516279.0,2025-08-09 13:31:23.281000+00:00
aioz-network,AIOZ Network,aioz,0.3822,454652987.0,11785304.0,1186879247.938094,1195091739.639833,2025-08-09 13:31:23.238000+00:00
eigenlayer,EigenCloud (prev. EigenLayer),eigen,1.41,451061513.0,123716889.0,319503808.4714174,1740592535.016046,2025-08-09 13:31:23.958000+00:00
savings-dai,Savings Dai,sdai,1.16,448277897.0,8525481.0,385297312.0114593,385297312.0114593,2025-08-09 13:31:23.414000+00:00
trip,Trip,trip,14.81,436762804.0,5638.67,29500000.0,98000000.0,2025-08-09 13:31:23.056000+00:00
ecash,eCash,xec,2.178e-05,433616775.0,8723532.0,19903548422581.0,19903720297581.0,2025-08-09 13:31:23.403000+00:00
wormhole,Wormhole,w,0.092216,433411926.0,132709218.0,4706582696.0,10000000000.0,2025-08-09 13:31:23.566000+00:00
kava,Kava,kava,0.398413,431606025.0,19340629.0,1082853140.0,1082853140.0,2025-08-09 13:31:23.474000+00:00
mantle-bridged-usdt-mantle,Mantle Bridged USDT (Mantle),usdt,0.997037,430605455.0,12920444.0,430243668.011991,430243668.011991,2025-08-09 13:31:23.207000+00:00
zksync,ZKsync,zk,0.059059,427217739.0,22187211.0,7231769682.371818,21000000000.0,2025-08-09 13:31:23.826000+00:00
treehouse-eth,Treehouse ETH,teth,5070.23,426410058.0,3855038.0,84100.70528542859,83928.8311016837,2025-08-09 13:31:23.462000+00:00
chiliz,Chiliz,chz,0.04362822,426014102.0,48850226.0,9767367162.0,9767367162.0,2025-08-09 13:31:23.359000+00:00
sun-token,Sun Token,sun,0.02202395,421824016.0,23861639.0,19152966476.31451,19900730000.0,2025-08-09 13:31:23.490000+00:00
axie-infinity,Axie Infinity,axs,2.54,421457468.0,16946206.0,166259229.2874874,270000000.0,2025-08-09 13:31:23.483000+00:00
beam-2,Beam,beam,0.00812236,417073664.0,47161363.0,51340524305.0,58510524305.0,2025-08-09 13:31:23.536000+00:00
polygon-pos-bridged-dai-polygon-pos,Polygon PoS Bridged DAI (Polygon POS),dai,1.0,415319923.0,33224392.0,415295969.7662696,415708640.9362696,2025-08-09 13:31:23.891000+00:00
superstate-short-duration-us-government-securities-fund-ustb,Superstate Short Duration U.S. Government Securities Fund (USTB),ustb,10.78,414401405.0,0.0,38452279.161949,38452269.37447,2025-08-09 13:30:15.601000+00:00
hashnote-usyc,Circle USYC,usyc,1.095,411308334.0,164.29,375525781.512949,375525781.512949,2025-08-08 22:12:14.742000+00:00
1inch,1inch,1inch,0.294193,410313867.0,15241693.0,1395633158.087306,1499999999.997,2025-08-09 13:31:23.631000+00:00
tokenize-xchange,Tokenize Xchange,tkx,5.1,407778834.0,463943.0,79995997.76037452,100000000.0,2025-08-09 13:31:13.382000+00:00
usdb,USDB,usdb,0.998047,404367340.0,917766.0,406046631.5607005,406046631.5607005,2025-08-09 13:31:23.477000+00:00
deep,DeepBook,deep,0.160622,401586209.0,19721365.0,2500000000.0,10000000000.0,2025-08-09 13:31:13.204000+00:00
ronin,Ronin,ron,0.569999,395078556.0,8541465.0,693121119.9637812,1000000000.0,2025-08-09 13:31:13.122000+00:00
aethir,Aethir,ath,0.03708638,393279768.0,20059344.0,10639017677.0,42000000000.0,2025-08-09 13:31:13.332000+00:00
bridged-usdc-polygon-pos-bridge,Bridged USDC (Polygon PoS Bridge),usdc.e,0.999802,392376939.0,18647618.0,392453637.399451,392453637.399451,2025-08-09 13:31:13.242000+00:00
bybit-staked-sol,Bybit Staked SOL,bbsol,199.07,387654247.0,1738357.0,1947288.137691672,1947288.137691672,2025-08-09 13:31:12.901000+00:00
benqi-liquid-staked-avax,BENQI Liquid Staked AVAX,savax,29.94,385192706.0,2652929.0,12868146.72735044,12868150.37359404,2025-08-09 13:31:13.466000+00:00
unit-bitcoin,Unit Bitcoin,ubtc,117125.0,383155277.0,61627365.0,3272.75993401,20999999.99993401,2025-08-09 13:31:13.035000+00:00
wrapped-hype,Wrapped HYPE,whype,43.83,382534405.0,33058145.0,8747072.665772349,8443729.523181695,2025-08-09 13:31:13.508000+00:00
movement,Movement,move,0.143363,379585162.0,25109117.0,2650000000.0,10000000000.0,2025-08-09 13:31:13.047000+00:00
convex-finance,Convex Finance,cvx,4.59,376922519.0,36118956.0,81990703.72425415,99914941.47266805,2025-08-09 13:31:13.071000+00:00
wrapped-avax,Wrapped AVAX,wavax,24.59,376121679.0,129715016.0,15301857.1221754,15269212.65744053,2025-08-09 13:31:13.544000+00:00
reserve-protocol-eth-plus,ETHPlus,eth+,4386.64,375137153.0,447492.0,85521.001338838,85521.001338838,2025-08-09 13:31:12.998000+00:00
olympus,Olympus,ohm,22.84,373964604.0,445546.0,16376217.36631088,21009156.15656249,2025-08-09 13:31:12.950000+00:00
axelar,Axelar,axl,0.362409,367565892.0,10766972.0,1015321442.784437,1211515168.393493,2025-08-09 13:31:13.196000+00:00
venom,Venom,venom,0.174503,365565552.0,323144.0,2094437289.845455,7304865223.75,2025-08-09 13:31:12.898000+00:00
gnosis,Gnosis,gno,137.85,363821018.0,9761220.0,2639589.0,3000000.0,2025-08-09 13:31:13.165000+00:00
wemix-token,WEMIX,wemix,0.794378,360657534.0,3798148.0,454128848.6429949,544324666.8652309,2025-08-09 13:31:12.920000+00:00
eos,EOS,eos,0.543283,359343007.0,1058818.0,661428774.3407,2100000000.0,2025-08-09 13:31:12.922000+00:00
akash-network,Akash Network,akt,1.3,358295971.0,13093482.0,276081625.354334,276218288.842612,2025-08-09 13:31:13.148000+00:00
terra-luna,Terra Luna Classic,lunc,6.358e-05,356347770.0,10464131.0,5607360627891.293,6492601002682.259,2025-08-09 13:31:13.116000+00:00
matic-network,Polygon,matic,0.247918,355312147.0,1608628.0,1433181535.8242993,10000000000.0,2025-08-09 13:31:13.042000+00:00
drift-protocol,Drift Protocol,drift,0.575057,354836102.0,14213005.0,620995140.095672,1000000000.0,2025-08-09 13:31:13.176000+00:00
staked-frax-ether,Staked Frax Ether,sfrxeth,4717.54,352689534.0,1767544.0,74735.1804120266,74649.41599014877,2025-08-09 13:31:12.977000+00:00
ether-fi-staked-btc,Ether.fi Staked BTC,ebtc,116908.0,350950260.0,267549.0,3005.9354521,3005.9354521,2025-08-09 13:31:22.517000+00:00
turbo,Turbo,turbo,0.00508477,350557520.0,63577939.0,69000000000.0,69000000000.0,2025-08-09 13:31:13.091000+00:00
polygon-bridged-wbtc-polygon-pos,Polygon Bridged WBTC (Polygon POS),wbtc,116947.0,337262768.0,7117288.0,2883.89436055,2882.34684075,2025-08-09 13:31:13.297000+00:00
gho,GHO,gho,0.999692,335592898.0,23264420.0,335695809.218347,335695809.218347,2025-08-09 13:31:13.009000+00:00
just,JUST,jst,0.03385633,335254331.0,21918011.0,9900000000.0,9900000000.0,2025-08-09 13:31:13.152000+00:00
trust-wallet-token,Trust Wallet,twt,0.804761,335053771.0,8427732.0,416649900.0,1000000000.0,2025-08-09 13:31:13.613000+00:00
popcat,Popcat,popcat,0.340686,333900211.0,37340504.0,979978669.96,979978669.96,2025-08-09 13:31:13.321000+00:00
dog-go-to-the-moon-rune,Dog (Bitcoin),dog,0.00328794,329908055.0,15930370.0,100000000000.0,100000000000.0,2025-08-09 13:31:13.074000+00:00
wrapped-ether-mantle-bridge,Wrapped Ether (Mantle Bridge),weth,4194.77,329744068.0,7918777.0,78584.980375942,78612.980375942,2025-08-09 13:31:13.408000+00:00
creditcoin-2,Creditcoin,ctc,0.701484,327417798.0,8262253.0,466416053.0,599999997.0,2025-08-09 13:31:13.057000+00:00
